nombre;ficha;paraje;LRC;LCC;ARC;ACC;Peso;fecha_ok
Tortuga Verde;5934 - actual;Los Gigantes;36,5;39;30;35;6,1;s
Tortuga Verde;4918 - actual;Playas de Fañabé;59;43;45;60;0;s
Tortuga Verde;3663 - actual;el Medano;40;43;32;37;8,8;s
Tortuga Verde;3385 - actual;Las Galletas;47,3;51;40;45,5;0;s
Tortuga Verde;2888 - actual;Las Teresitas;53;56;46,5;53;20,6;s
Tortuga Verde;2654 - actual;El Médano;39;45;31;39;10,8;s
Tortuga Verde;2636 - actual;Puertito;40,2;42;32,3;36;9,1;s
Tortuga Verde;5075 - actual;Puertito de Armeñime;65;73;56;71;54,2;s
Tortuga Verde;4928 - actual;Puertito de Armeñime;54,5;58;45;51;22;s
Tortuga Verde;2352 - actual;san Andrés;33,5;37;32;36;6,2;s
Tortuga Verde;5894 - actual;Caleta de Adeje - ADEJE;0;0;0;0;0;s
Tortuga Verde;5729 - actual;Puerto Colón;54;61;49,8;57;40;s
Tortuga Verde;2767 - actual;Puertito Armeñime;41,9;44;34;38;0;s
Tortuga Verde;1632 - actual;Puertito Armeñime - Adeje;32;29,5;27;34;4,7;s
Tortuga Verde;2758 - actual;Puerto Colón;57,4;61;49,8;54;28,8;s
Tortuga Verde;1041 - actual;Caleta de Adeje - ADEJE;54,5;60;48;56;0;s
Tortuga Verde;1027 - actual;Armeñime;66;0;53;0;51;s
Tortuga Verde;8474 - actual;PALM-MAR - ARONA;0;0;0;0;0;s
Tortuga Verde;8735 - actual;GARACHICO - GARACHICO;35,5;38;27,5;30;5,3;s
Tortuga Verde;9554 - actual;Guaza - ARONA;60;60;48;55;30,95;s
Tortuga Verde;10164 - actual;PUERTO COLÓN - ADEJE;57;61;46;54;25;s
Tortuga Verde;10192 - actual;LAS ERAS - FASNIA;69;73;65;68;0;s
Tortuga Verde;10381 - actual;PALM-MAR - ARONA;76;79,1;75;78;56,7;s
Tortuga Verde;10584 - actual;LOS CRISTIANOS - LOS CRISTIANOS;60,8;64;49;57,6;30,8;s
Tortuga Verde;10919 - actual;PUERTO COLÓN - ADEJE;0;0;0;0;0;o
Tortuga Verde;11657 - actual;PUERTO COLÓN - ADEJE;30;31;25;28;0;o
Tortuga Verde;11856 - actual;BUENAVISTA DEL NORTE - BUENAVISTA DEL NORTE;35;37;30;35;3,7;o
Tortuga Verde;12107 - actual;LOS CRISTIANOS - ARONA;38,5;40;33;38;8,15;o
Tortuga Verde;12606 - actual;ADEJE - ADEJE;0;0;0;0;0;o
Tortuga Verde;14505 - actual;PUERTO COLÓN - ADEJE;0;0;0;0;0;o
Tortuga Boba;6032 - actual;Medano;53;57;45;55;24,5;o
Tortuga Boba;6092 - actual;Puerto Colón;52;56;44,5;56;29,5;o
Tortuga Boba;6122 - actual;Playa de Fañabé. 2 millas;21;23;18,5;22;1,39;o
Tortuga Boba;6137 - actual;Los Cristianos;32;34;28;32;4,9;o
Tortuga Boba;6194 - actual;Playa de Fañabé;21;22;18;21;1,3;o
Tortuga Boba;6012 - actual;Acantilados de los Gigantes;27;29;23;27;2,6;o
Tortuga Boba;5944 - actual;Los Cristianos;44;48;38,5;46;14,5;o
Tortuga Boba;5959 - actual;El Socorro;31;34;27;32;4,22;o
Tortuga Boba;5939 - actual;Puerto Colón;47,5;51;41;50;17;o
Tortuga Boba;5936 - actual;Puerto Colón;35,5;38;30;37;6,8;o
Tortuga Boba;5935 - actual;Puerto Colón;42,5;45;38;45;9,7;o
Tortuga Boba;5933 - actual;La Jaca;36;40;31;38;6,6;o
Tortuga Boba;5925 - actual;Puerto Colòn;45,5;49;39,5;47;15,5;o
Tortuga Boba;5932 - actual;La Jaca;39;42;34;40;7,9;o
Tortuga Boba;5881 - actual;Puerto colón;38;40;33;40;8,3;o
Tortuga Boba;5765 - actual;Puerto Colón;17,5;19;15;18,5;0,947;o
Tortuga Boba;5884 - actual;Las galletas;39,2;42;34;41;9,1;o
Tortuga Boba;5730 - actual;Puerto colón;16,2;11;15;18;0,832;o
Tortuga Boba;5646 - actual;Puerto colón;35,5;38;30,5;30,5;6,8;o
Tortuga Boba;5647 - actual;Puerto Colón;21;23;17,5;21;1,5;o
Tortuga Boba;5655 - actual;Los gigantes;17;19;16;18;0,8;o
Tortuga Boba;5660 - actual;Playa de la Runba;22;24;19;22;1,7;o
Tortuga Boba;5695 - actual;Las Teresitas;30;32;25,7;31;3,6;o
Tortuga Boba;5698 - actual;El poris;52;54;50;52;6,2;o
Tortuga Boba;5700 - actual;Los Cristianos;18,5;21;16;18,5;1,054;o
Tortuga Boba;5722 - actual;El Poris;18;19,8;14,6;18;0,698;n
Tortuga Boba;5624 - actual;Tena (Playa La Bellena);35,5;46;33;45;7,7;n
Tortuga Boba;5625 - actual;Puerto cólón;35;43,5;30;41;5,8;n
Tortuga Boba;5621 - actual;Playa Los Guanchos;27;29;23;27;598;n
Tortuga Boba;5640 - actual;Playa de Fañabé;18,5;21;17;20,5;1,2;n
Tortuga Boba;5589 - actual;Puerto Colón;14,5;17;15,8;17;0,7;n
Tortuga Boba;5597 - actual;Callao Salvaje;40;41;39;40;6;n
Tortuga Boba;5601 - actual;Boca Cangrejo;44;46;42;44,5;6;n
Tortuga Boba;5474 - actual;Playa de Fañabé;21,5;24;19;23;1,662;n
Tortuga Boba;5518 - actual;Puerto colón;21,5;24;19;23;2,15;n
Tortuga Boba;5537 - actual;Puerto Colón;20,9;23;18;22;1,409;n
Tortuga Boba;5561 - actual;Puerto Colón;18;20;0;0;1,046;n
Tortuga Boba;5423 - actual;Puerto colón;16,5;19;15;18;0,767;n
Tortuga Boba;5424 - actual;puerto colón;19;22;16,2;19;1,02;n
Tortuga Boba;5441 - actual;Playa de Fañabé;36,5;42;32;39;6,2;n
Tortuga Boba;5444 - actual;Playa de Fañabé;44;47;39;45;3,2;n
Tortuga Boba;5453 - actual;Playa de Fañabé;16;18;14;18;648;n
Tortuga Boba;5454 - actual;Playa de Fañabé;15;16;13,5;15,5;549;n
Tortuga Boba;5422 - actual;Puerto Colón;17;19;14,5;17;0,746;n
Tortuga Boba;5413 - actual;Poris de abona;35;0;32;0;0;n
Tortuga Boba;5409 - actual;Puerto Colón;15,5;17;12,5;14;0,55;n
Tortuga Boba;5405 - actual;El tablado;38,5;42;40;46;13;n
Tortuga Boba;5408 - actual;Puerto Colón;17;19;14,5;18;0,878;n
Tortuga Boba;5393 - actual;Los cristianos;18,1;20;16,1;19;1,29;n
Tortuga Boba;5394 - actual;Las Galletas;36,2;40;29,7;36;7;n
Tortuga Boba;5395 - actual;PUERTO COLÓN - ADEJE;29;32;24;30;3,4;n
Tortuga Boba;5404 - actual;Las Chafiras;28,5;31;23;29;3,2;n
Tortuga Boba;5392 - actual;Armeñime;25;28;24;27;2,35;n
Tortuga Boba;5084 - actual;Playa de Fañabé;23;26;19,5;23;2;n
Tortuga Boba;5082 - actual;Puerto Colón;36;39;30;37;5,7;n
Tortuga Boba;5053 - actual;puerto Colón;30,8;26,5;36;31,5;5;d
Tortuga Boba;5045 - actual;Puerto Colón;36,5;40;33;39,8;12,8;d
Tortuga Boba;4999 - actual;Caletillas UNELCO;53,5;55;47,5;56;27,6;d
Tortuga Boba;5033 - actual;Porís;28;32;26;31;4,3;d
Tortuga Boba;4958 - actual;Puerto Colón;45,8;50;40,8;48;12,5;d
Tortuga Boba;4935 - actual;Puerto Colón;44,5;50;44;48;11,6;d
Tortuga Boba;4934 - actual;Puerto Colón;42,2;37,2;44;48;12,9;d
Tortuga Boba;4894 - actual;Playa de las Américas;0;0;0;0;0;d
Tortuga Boba;4814 - actual;Punta Larga;53,5;55;47,5;56;28,5;d
Tortuga Boba;4829 - actual;Fañabé;42;45;36;44;10,9;d
Tortuga Boba;4775 - actual;Playas de Fañabé (2,5 millas N);31,5;37;27;32;4,3;d
Tortuga Boba;4767 - actual;Los Gigantes;25;28;22;28;2,4;d
Tortuga Boba;4755 - actual;Las Eras;33,8;37;31,1;38;7,3;d
Tortuga Boba;4733 - actual;Taganana;37;42;32;40;7,2;d
Tortuga Boba;4720 - actual;Puerto Colón;45;0;0;0;0;d
Tortuga Boba;4729 - actual;Muelle;36,8;40;31;39;6;d
Tortuga Boba;4708 - actual;Los gigantes;30,6;34;25;32;5,5;d
Tortuga Boba;4692 - actual;Puerto Colón;18,5;21;16;21;0,946;d
Tortuga Boba;4674 - actual;Puerto Colón;19,1;22;16,2;20;1,07;d
Tortuga Boba;4664 - actual;Muelle Marina Golf;34,2;37;31,5;39;6,7;d
Tortuga Boba;4658 - actual;las Galletas;37,4;42;33;40,2;6;d
Tortuga Boba;4654 - actual;Los Gigantes;27;31;24,5;30;3,3;d
Tortuga Boba;4650 - actual;Pto. Colón;18,5;20;16,5;20,5;1,104;d
Tortuga Boba;4638 - actual;Bajamar;79;83;65;80;90;d
Tortuga Boba;4628 - actual;Pto. Colón;39;41;34;40;10;d
Tortuga Boba;4490 - actual;La Caleta;19,9;22;18,9;22;1,72;d
Tortuga Boba;4516 - actual;Puerto Colón;18,5;21;16,5;20,5;1,125;d
Tortuga Boba;4519 - actual;Radazul;55;60;48;59;0;d
Tortuga Boba;4548 - actual;Charco de La Araña;21,5;24;19;23,1;1,652;d
Tortuga Boba;4550 - actual;Las Caletillas;24;27;21,5;24,5;2,128;d
Tortuga Boba;4551 - actual;El Pozo;22,1;25;18;23;1,768;d
Tortuga Boba;4914 - 1998-2010;Playa Bocinegro;0;0;0;0;0;e
Tortuga Boba;5118 - 1998-2010;Pto. Colón;58;64;50;63;30;e
Tortuga Boba;5125 - 1998-2010;Los Gigantes;31,5;34;27,5;31;4,7;e
Tortuga Boba;5211 - 1998-2010;Las Américas;28,7;32;25,5;30;3,7;e
Tortuga Boba;5217 - 1998-2010;Punta de Teno;48,5;52;41,5;49,5;16,7;e
Tortuga Boba;5242 - 1998-2010;Pto. Colón;30;34;;32,5;5,5;e
Tortuga Boba;7848 - 1998-2010;Punta Hidalgo;66;73;58;70;47;e
Tortuga Boba;1877 - 1998-2010;El Porís;0;0;0;0;0;e
Tortuga Boba;1904 - 1998-2010;Pto. Colón;46,5;41;51;49,5;0;e
Tortuga Boba;1869 - 1998-2010;Los Gigantes;40;43;35;42;0;e
Tortuga Boba;1860 - 1998-2010;Playa de Almáciga. Taganana;53;57;46;57;15;e
Tortuga Boba;1832 - 1998-2010;Pto. Colón;56;41;0;0;9;e
Tortuga Boba;4602 - actual;el Poris;31,5;34;27;33;3,8;e
Tortuga Boba;4601 - actual;El Poris;20,5;22;18;21;1,3;e
Tortuga Boba;4584 - actual;Fañabé (3 millas);34;37;28;35;5,2;e
Tortuga Boba;4556 - actual;Muelle;37;39;32,5;37;0;e
Tortuga Boba;4489 - actual;Las Galletas;32,5;36,5;28,2;34,2;5,7;e
Tortuga Boba;4485 - actual;Puerto Colón;36,5;40;31,5;39;7,5;e
Tortuga Boba;4456 - actual;Playa San Juan (6 millas);49;53;42,5;52;20;e
Tortuga Boba;4448 - actual;fañabé;24;26;21;25;2,2;e
Tortuga Boba;4446 - actual;Valleseco;35;39;33;38;7,5;e
Tortuga Boba;4389 - actual;tajao;60;0;0;0;0;e
Tortuga Boba;4406 - actual;Puerto Colón;24,5;27;22;25;2,44;e
Tortuga Boba;4433 - actual;El Socorro;20;22;17,5;20;1,18;e
Tortuga Boba;4330 - actual;Puerto Colón;18;21;16,7;19,8;1,2;e
Tortuga Boba;4254 - actual;Puerto Colón;38,8;43;34,1;39;12,6;e
Tortuga Boba;4248 - actual;Puerto Colón;29,5;32;25,7;30;3;e
Tortuga Boba;4242 - actual;Puerto Colón;31,2;34;28,8;32;5;e
Tortuga Boba;4202 - actual;Fañabé;17,5;19;15;18;0,775;e
Tortuga Boba;4197 - actual;Los Gigantes;26;28;21,5;27;2,8;e
Tortuga Boba;4190 - actual;Puerto Colón;41;31;41;43;10,6;e
Tortuga Boba;4136 - actual;Los Gigantes;27,5;30;25;29;3,5;f
Tortuga Boba;4131 - actual;Puerto Colón;25,5;27;22;25;2,7;f
Tortuga Boba;4118 - actual;Los Gigantes (a 2 mill);31;34;26,5;32;4,1;f
Tortuga Boba;4106 - actual;Los Gigantes;42;43;38;43;12,5;f
Tortuga Boba;4083 - actual;Puerto Colón;22,5;24;18,8;22;1,86;f
Tortuga Boba;4023 - actual;El Porís de Abona;24,7;27;23,5;27;2,7;f
Tortuga Boba;4022 - actual;Puerto Colon;58,5;64;51;61;31,5;f
Tortuga Boba;4016 - actual;Playa del Socorro;35,5;39;31;37;6,1;f
Tortuga Boba;4012 - actual;Puerto Colón;35;40;30;39;7,5;f
Tortuga Boba;4004 - actual;Puerto Colón;45,5;50;40;47;14,5;f
Tortuga Boba;3937 - actual;Los Gigantes;42,5;45;35;43;11,5;f
Tortuga Boba;3883 - actual;Los Gigantes;27;29;22,5;28;3;f
Tortuga Boba;3874 - actual;Puerto Colón;30,8;34;26,2;30;4,7;f
Tortuga Boba;3858 - actual;El Porís;29,9;33;25,7;30;4,1;f
Tortuga Boba;3848 - actual;El Porís de Abona;22,8;26;20;24;1,6;f
Tortuga Boba;3847 - actual;Pto. Deportivo San Miguél;28,7;31;24,5;29,5;4,3;f
Tortuga Boba;3846 - actual;Pto. Deportivo San Miguél;33;35;28;33;5,5;f
Tortuga Boba;3835 - actual;Playas de Fañabé;23;26;20;23;2,2;f
Tortuga Boba;3802 - actual;Puerto de Radazúl;21;24;17,9;23;1,5;f
Tortuga Boba;3786 - actual;Puerto Colón;28,8;30;25,8;30;4;f
Tortuga Boba;3784 - actual;Playa Paraíso;23;25;20;23;2,1;f
Tortuga Boba;3782 - actual;Playas de Fañabé;22,5;25;19;23;2,2;f
Tortuga Boba;3756 - actual;Los Gigantes;47;49;53;66;35;f
Tortuga Boba;3426 - actual;El Porís;37;40;31;39;10,3;f
Tortuga Boba;3720 - actual;El Socorro;36,2;37;31,5;36;13,2;f
Tortuga Boba;3605 - actual;Fañabé;30;34;25;32;4,2;f
Tortuga Boba;3552 - actual;Taganana Playa del Roque;22,5;24;19;22;1,75;f
Tortuga Boba;3537 - actual;El Poris;34;39;28,5;36;5,8;f
Tortuga Boba;3503 - actual;Puerto colón;39,2;42;34,9;41;9,2;m
Tortuga Boba;3432 - actual;Playa de la Nea;52;57;46;56;19;m
Tortuga Boba;3488 - actual;Playa de Añaza;27,2;30;23,2;29;2,1;m
Tortuga Boba;3484 - actual;Puerto Colón;20,2;22;17,8;20;1,5;m
Tortuga Boba;3447 - actual;Los Gigantes;31;34;29;34;4,6;m
Tortuga Boba;3448 - actual;Tabaiba;46;50;41,5;50;14,5;m
Tortuga Boba;3456 - actual;Boca Cangrejo;47;50;39,5;49;14;m
Tortuga Boba;3457 - actual;Boca Cangrejo;33,5;37;29;38;8,5;m
Tortuga Boba;3475 - actual;Los Gigantes;28,9;32;26,7;31;4,7;m
Tortuga Boba;3476 - actual;Costas de Fañabé;20,8;22;17,2;20;1,4;m
Tortuga Boba;3477 - actual;Los Gigantes;34,1;38;31,8;38;6,9;m
Tortuga Boba;3483 - actual;Playas de Fañabé;20,5;22;18,5;20;1,4;m
Tortuga Boba;3410 - actual;Playas de Fañabé;35,8;38;30,8;37;7,3;m
Tortuga Boba;3405 - actual;Playas de Fañabé;34,5;37;31;38;7,4;m
Tortuga Boba;3383 - actual;Los Gigantes;16,5;19;14,5;17;710;m
Tortuga Boba;3340 - actual;Playa Punta Larga;41;45;0,36;0,43;11,5;m
Tortuga Boba;3312 - actual;Puerto Colón;17,5;20;15;19;0,96;m
Tortuga Boba;3302 - actual;Los Gigantes;18;20;15;20;0,972;m
Tortuga Boba;3291 - actual;Valleseco;45;50;41;49;17;m
Tortuga Boba;3290 - actual;Puerto Colón;18,5;21;16,2;20;1,075;m
Tortuga Boba;3253 - actual;Puerto Colón;40;50;40;48;14,3;m
Tortuga Boba;3220 - actual;Puerto Colón;33;37;29,5;35;5,2;m
Tortuga Boba;3181 - actual;Fañabé;43;46;37;44;12,3;m
Tortuga Boba;3163 - actual;Puerto Colón;30,5;32;27;32;4;m
Tortuga Boba;3147 - actual;La Punta;28,5;32;25,5;31;3,9;m
Tortuga Boba;3123 - actual;El Poris;42,8;48;38,8;47;10,8;m
Tortuga Boba;3121 - actual;Puerto Colón;17,5;22;20,1;20;0;m
Tortuga Boba;3120 - actual;Playa El Socorro;32,8;36;28,8;34;4,4;m
Tortuga Boba;3119 - actual;El Pozo;42,3;46;38;45;12,1;m
Tortuga Boba;3104 - actual;Muelle;17,5;20;15;18;0,945;m
Tortuga Boba;3032 - actual;Puerto Colón;40,2;44,5;35;43;10,3;m
Tortuga Boba;3016 - actual;Fañabé (2 millas);34,5;39;30;36;7,5;a
Tortuga Boba;3013 - actual;puerto Colón;21,8;23;18,5;22;2;a
Tortuga Boba;3010 - actual;Puerto Colón;29,5;35;27,2;31;0;a
Tortuga Boba;2956 - actual;Los Gigantes;22,8;26;19;23;2,2;a
Tortuga Boba;2902 - actual;Radazul (2 millas);30;33;26;34;4,9;a
Tortuga Boba;2891 - actual;Puerto Colón;31;34;28;34;6,4;a
Tortuga Boba;2856 - actual;Puertito;37,5;40;31;37;6,5;a
Tortuga Boba;2840 - actual;Los Gigantes (2 millas);37,5;42;33;40;9,2;a
Tortuga Boba;2822 - actual;Los Gigantes;37,5;41;34;40;9,5;a
Tortuga Boba;2819 - actual;Bco Masca;39,5;42;34;42;9,5;a
Tortuga Boba;2790 - actual;Playa de las Gaviotas;40;0;0;0;15;a
Tortuga Boba;2749 - actual;El Poris;19,5;21;16,5;20;0,85;a
Tortuga Boba;2432 - actual;Playa San Juan;29,5;33;24,5;30;3,7;a
Tortuga Boba;2694 - actual;Los Abrigos;39;42;33,5;41;8,8;a
Tortuga Boba;2678 - actual;Playa La Viuda;36;40;30,5;36;6,4;a
Tortuga Boba;2666 - actual;Puerto Colón;50,9;60;44;53;23;a
Tortuga Boba;2663 - actual;Punta Hidalgo;29;33;26,3;31;3,5;a
Tortuga Boba;2637 - actual;Muelle;49;52;42,5;51;20,4;a
Tortuga Boba;2625 - actual;Los Abrigos;43,5;48;37;45;9;a
Tortuga Boba;2619 - actual;El Porís;34;37;29;36;5;a
Tortuga Boba;2605 - actual;Puerto Colón;26,5;29;23,5;27;2,9;a
Tortuga Boba;2582 - actual;El socorro;35;40;40;38;6,5;a
Tortuga Boba;2536 - actual;Puerto Colón;40,4;44;33;4;8,6;a
Tortuga Boba;2515 - actual;Puerto Colón;20;21;17,5;21;1,5;a
Tortuga Boba;2514 - actual;Puerto Colón;28,1;30;23,5;29;3,6;a
Tortuga Boba;2513 - actual;Los Gigantes;32;34;27,2;32;4,7;a
Tortuga Boba;2510 - actual;Puerto Colón;31;33;32;28,5;5,6;a
Tortuga Boba;2509 - actual;Puerto Colón;20;22;17;20;1,5;a
Tortuga Boba;2500 - actual;Playa de las Vistas;25,5;28;22;27;2,7;a
Tortuga Boba;2499 - actual;Los Cristianos;40;43;33,8;39;8,4;a
Tortuga Boba;2494 - actual;El Porís de Abona;41;44;35;43;8,6;m
Tortuga Boba;2493 - actual;Playas de Fañabé;18,4;22;15,5;19,5;1;m
Tortuga Boba;2483 - actual;Los Cristianos;30,2;32;26;31;4,2;m
Tortuga Boba;2482 - actual;Los Cristianos;26;28;22,8;27;3;m
Tortuga Boba;2472 - actual;Playas de Fañabé;21,5;24;18,5;22;1,6;m
Tortuga Boba;2458 - actual;Fañabé;35,5;39;31;38;6,7;m
Tortuga Boba;2456 - actual;Playa San Juan;57,5;62;50,5;60;40;m
Tortuga Boba;2445 - actual;Puerto Colón;34;38;29;35;5,7;m
Tortuga Boba;2191 - actual;Los Gigantes;;;;;;m
Tortuga Boba;2414 - actual;Muelle;42,2;45;37;44;12;m
Tortuga Boba;2422 - actual;puerto;68;72;58,5;68,5;59;m
Tortuga Boba;2113 - actual;Las Galletas (a 2 mil.l);;;;;;m
Tortuga Boba;2089 - actual;Los Roques;42;47;37;44;11,22;m
Tortuga Boba;2088 - actual;Playa Paraíso;38,5;42;34;41;7,9;m
Tortuga Boba;2051 - actual;fañabé;29,5;33;25;29;4,1;m
Tortuga Boba;2050 - actual;Fañabé;24,5;28;21;24;2,4;m
Tortuga Boba;2043 - actual;La Jaca;33,5;37;29;36;5,7;m
Tortuga Boba;2040 - actual;Fañabé 2,5 millas;32;36;27,5;32;5,1;m
Tortuga Boba;2032 - actual;La Jaca;53,4;58;45,1;55;20,7;m
Tortuga Boba;2025 - actual;Las Galletas;38;41;33,5;41;9,4;m
Tortuga Boba;1956 - actual;muelle;50,2;55;44;54;22,2;m
Tortuga Boba;1955 - actual;El Médano;48;55;43,5;54;18,3;m
Tortuga Boba;1954 - actual;El Médano;38;40;35;43;8,5;m
Tortuga Boba;1913 - actual;El Poris;35;39;31;37;6;m
Tortuga Boba;1598 - actual;Muelle;37;41;35,5;43;9,5;m
Tortuga Boba;1811 - actual;Fañabé;35;39;31;37;6,8;m
Tortuga Boba;1791 - actual;Las Galletas;22,7;22;20;21;2;m
Tortuga Boba;1761 - actual;Muelle;20,5;20;17,5;18,5;1,3;m
Tortuga Boba;1657 - actual;Puerto Colón;35;39;32;39;7,5;m
Tortuga Boba;1630 - actual;Puerto Colón;36,5;40;33;40;9,3;m
Tortuga Boba;1577 - actual;Puerto Colón;31;35;;35;5,7;m
Tortuga Boba;1559 - actual;Los Gigantes;26,9;30;24,3;30;3,2;j
Tortuga Boba;1555 - actual;Playa de Jover (Tejina);38,5;43;34,5;41;10,2;j
Tortuga Boba;1553 - actual;Playa de la Punta;33;37;29,5;35;5,8;j
Tortuga Boba;1550 - actual;Playas de Fañabé;33,5;38;30;36;6,75;j
Tortuga Boba;1532 - actual;Puerto Colón;34,5;40;30,5;36;7;j
Tortuga Boba;1530 - actual;Los Gigantes;48;52;40,5;50;19,2;j
Tortuga Boba;1514 - actual;Callao Salvaje;46;50;42;51;0;j
Tortuga Boba;1501 - actual;Costa Amarilla Golf;35,1;41;31,1;36;8;j
Tortuga Boba;1499 - actual;Las Galletas;41,1;45;38,2;47;12;j
Tortuga Boba;1455 - actual;Puerto Colón;34;29,3;38;35;0;j
Tortuga Boba;1425 - actual;Los Gigantes;34;38;30;35;6,2;j
Tortuga Boba;1422 - actual;Puerto colón;53;59;48,5;58;36,5;j
Tortuga Boba;1403 - actual;El Médano;33;36;29;34;5;j
Tortuga Boba;1351 - actual;Los Cristianos;35;38;31;37;6,8;j
Tortuga Boba;1334 - actual;La Caleta;40;45;37,5;44;12;j
Tortuga Boba;1324 - actual;Puerto Colón;43;49;37;45;10,6;j
Tortuga Boba;1309 - actual;Puerto Colón;27;30;23;28;3,5;j
Tortuga Boba;1303 - actual;Taganana;63;0;56;0;0;j
Tortuga Boba;1225 - actual;Fañabé;25,5;28;23;27;3,4;j
Tortuga Boba;1207 - actual;Puerto Colón;26;29;23;27;2,5;j
Tortuga Boba;1202 - actual;CIDEMAT (Valleseco);42,2;47;38,2;46;16;j
Tortuga Boba;1198 - actual;Los Gigantes;30,2;33;26,3;31;4,1;j
Tortuga Boba;1196 - actual;La Caleta;34;39;30;37;6,5;j
Tortuga Boba;1147 - actual;Puerto Colón;22;25;19;22;1,8;j
Tortuga Boba;1133 - actual;San Andrés;40;45;36;43;0;j
Tortuga Boba;1113 - actual;Los Cristianos;33;37;30;36;5,8;j
Tortuga Boba;939 - actual;Pto. S/C Tfe.;48;52;44;51;17,5;j
Tortuga Boba;931 - actual;Puerto Colón;33;36;27;33;5;j
Tortuga Boba;814 - actual;Fañabé;34;37;29;34;0;j
Tortuga Boba;766 - actual;Tachero- Taganana;34;37;30;35;5,5;j
Tortuga Boba;760 - actual;Fañabé;41;45;37;44;11;j
Tortuga Boba;748 - actual;Las Galletas;31,5;34;27;32;2,7;j
Tortuga Boba;2332 - actual;puerto Colón;21,3;24;19;22,5;18;j
Tortuga Boba;2312 - actual;los Gigantes;32;36;28,5;35;5,4;j
Tortuga Boba;2289 - actual;Los Gigantes 1,5 millas;;;;;;j
Tortuga Boba;2197 - actual;Puerto Colón;;;;;;j
Tortuga Boba;2131 - actual;Puerto deportivo;;;;;;j
Tortuga Boba;2058 - actual;Fañabé (2 millas);37,5;41;33;40;7,2;j
Tortuga Boba;1869 - actual;Palmar;0;63;0;57;0;j
Tortuga Boba;1074 - actual;Los Gigantes;32,5;36;29;35;6,1;j
Tortuga Boba;1090 - actual;Roques de Anaga;84;90;67;84;97;j
Tortuga Boba;1005 - actual;Puertito de Güimar;35;0;30;0;0;j
Tortuga Boba;1004 - actual;Los Gigantes;31,5;45;27;43,5;0;j
Tortuga Boba;900 - actual;El Porís;27;30;24,5;29;0;j
Tortuga Boba;988 - actual;Playas de Fañabé;36,5;40;31;38;0;j
Tortuga Boba;982 - actual;Pyas.de Fañabé (Costa Adeje);25,8;28,6;21,5;27;2,8;j
Tortuga Boba;966 - actual;Puerto Colón;22,5;25;22;24;2,1;j
Tortuga Boba;962 - actual;El Porís;34,5;37;30;35;5,4;j
Tortuga Boba;956 - actual;Los Gigantes;53;60;44;60;21;j
Tortuga Boba;961 - actual;El Porís (Playa de la Punta);25;27;21;24;2,4;j
Tortuga Boba;911 - actual;El Porís;19,5;20;16,9;20;1,2;j
Tortuga Boba;955 - actual;Puerto Colón;36,5;44;30,5;40;9;j
Tortuga Boba;953 - actual;Puerto de Garachico;27,2;30;23,8;29;3,3;j
Tortuga Boba;946 - actual;Las Eras;29,8;33;25,8;30;4,7;j
Tortuga Boba;943 - actual;Las Eras;28;30;24,9;29;3,4;j
Tortuga Boba;2394 - actual;Puerto Colón;18,5;22;16,5;21;1,25;j
Tortuga Boba;2386 - actual;Los Gigantes;40;45;36,5;43;9,2;j
Tortuga Boba;2374 - actual;casco;27,5;30;24,8;29;3,9;j
Tortuga Boba;2371 - actual;Puerto Colón;35,5;38;29,5;36;6,7;j
Tortuga Boba;2362 - actual;Puerto Colón;19,8;17,2;22;21;1,3;j
Tortuga Boba;2361 - actual;Puerto Colón;18,2;16;2;20;1;j
Tortuga Boba;2353 - actual;Fañabé;29,5;33;26;31;4,1;a
Tortuga Boba;2331 - actual;Puerto Colón;45,2;50;39,5;48;14,5;a
Tortuga Boba;2324 - actual;Pto. Colón;24,5;28;22,5;25;3,1;a
Tortuga Boba;2307 - actual;Los Gigantes;;;;;;a
Tortuga Boba;2297 - actual;Fañabé (2 Millas);;;;;;a
Tortuga Boba;2295 - actual;El Poris;;;;;;a
Tortuga Boba;2288 - actual;Los Gigantes (2 millas);;;;;;a
Tortuga Boba;2276 - actual;Los Gigantes;;;;;;a
Tortuga Boba;2273 - actual;Caletillas;;;;;;a
Tortuga Boba;2256 - actual;Puerto Colón;;;;;;a
Tortuga Boba;2249 - actual;callao Salvaje;;;;;;a
Tortuga Boba;2248 - actual;Costa del Silencio;37,5;41;33;41;7,9;a
Tortuga Boba;2208 - actual;La Caleta;;;;;;a
Tortuga Boba;2203 - actual;Puerto colón;;;;;;a
Tortuga Boba;2196 - actual;El Médano;;;;;;a
Tortuga Boba;5391 - actual;Puerto Colón;18;20;14,7;19;0,858;a
Tortuga Boba;5382 - actual;Puerto Colón;53,5;57;45;55;23;a
Tortuga Boba;5370 - actual;la caleta;19,5;21;17,7;21;1,3;a
Tortuga Boba;5362 - actual;Los Gigantes;25,5;29;23;29;2,98;a
Tortuga Boba;5358 - actual;Puerto Colón;19,9;22;19;22;1,628;a
Tortuga Boba;5357 - actual;Puerto Colón;15,5;17;14,2;16;0,735;a
Tortuga Boba;5356 - actual;Puerto Colón;16,8;18;15;18;0,812;a
Tortuga Boba;5352 - actual;puerto c;42;46;35;45;13,4;a
Tortuga Boba;5340 - actual;Playas de Fañabé;23;25;20;23;1,7;a
Tortuga Boba;5332 - actual;PLAYA FAÑABE - ADEJE;42;45;38;44,5;10,7;a
Tortuga Boba;5326 - actual;Los Gigantes;16;18;14;17;0,66;a
Tortuga Boba;5306 - actual;Punta Prieta;39;43;35,1;41;11,8;a
Tortuga Boba;5296 - actual;Puerto Colón;57,6;51;41,2;51;17,3;a
Tortuga Boba;5295 - actual;Puerto Colón;40,5;44;33,9;43;8;a
Tortuga Boba;5290 - actual;Puerto Colón;22;24;19;23;1,677;a
Tortuga Boba;5285 - actual;Los Cristianos;22;24;14;22;1,695;a
Tortuga Boba;5253 - actual;Puerto Colón;18,5;20;16,5;19;252;s
Tortuga Boba;5252 - actual;Puerto Colón;33,5;36;29,7;33;6,3;s
Tortuga Boba;5226 - actual;Bajamar;30;0;0;0;0;s
Tortuga Boba;5247 - actual;Puerto Colón;18,8;20;17;20;1,1;s
Tortuga Boba;5171 - actual;Playas de Fañabé;37;41;32;39;7,9;s
Tortuga Boba;5158 - actual;Puerto de Los Gigantes;32;34;28;33;5,6;s
Tortuga Boba;5095 - actual;Puerto Deportivo Las Galletas;38,8;42;35;41;9,5;s
Tortuga Boba;2449 - 1998-2010;Playa de los Balos;25;28,5;21;27,5;0;s
Tortuga Boba;2465 - 1998-2010;Dársena Pesquera;55;59;46;58;0;s
Tortuga Boba;2468 - 1998-2010;Guímar;33;36;29;35,5;0;s
Tortuga Boba;2542 - 1998-2010;La Barranquera. Tejina;35;38;29;35;0;s
Tortuga Boba;2636 - 1998-2010;Muelle;48;55;43,5;53,5;20;s
Tortuga Boba;2641 - 1998-2010;Punta de Abona;47;52,5;41,5;48,5;0;s
Tortuga Boba;2712 - 1998-2010;Las Maretas;50;0;40;0;0;s
Tortuga Boba;2959 - 1998-2010;Pto. Colón;0;63;0;65;22;s
Tortuga Boba;3232 - 1998-2010;Los Cristianos;33;35,5;28;34;0;s
Tortuga Boba;3260 - 1998-2010;San Andrés;49,5;54;44;52;0;s
Tortuga Boba;3588 - 1998-2010;Pelada;37;34,5;0;0;0;s
Tortuga Boba;4102 - 1998-2010;Pto. Colón;46;50;40;49;14,2;s
Tortuga Boba;4126 - 1998-2010;Los Cristianos;51;56;45;56;21,7;s
Tortuga Boba;4154 - 1998-2010;Pto. Colón;55;61;49,3;58;25,15;s
Tortuga Boba;4155 - 1998-2010;Pelada;38;42;33,5;40;8,7;s
Tortuga Boba;4157 - 1998-2010;Muelle;52;57;45;56;22,25;s
Tortuga Boba;4162 - 1998-2010;Piedra la Sal;17,2;19,5;15,5;18,8;0,92;s
Tortuga Boba;4186 - 1998-2010;Los Gigantes;38;44;35;42;9,5;s
Tortuga Boba;4204 - 1998-2010;Poligono Industrial;39;43;35;42;8;s
Tortuga Boba;4221 - 1998-2010;Puerto Colón;29,8;33;25,8;31,5;4;s
Tortuga Boba;4239 - 1998-2010;Puerto Colón;18;20,5;16;19,5;0,937;s
Tortuga Boba;4275 - 1998-2010;Tabaiba;37;42;34,5;43;8;s
Tortuga Boba;4285 - 1998-2010;Valle Seco;45;50;41,2;49,5;14,6;s
Tortuga Boba;4311 - 1998-2010;Puerto Colón;21,3;24;19;23;1,48;o
Tortuga Boba;4370 - 1998-2010;El Socorro;20;23;18;21;1,35;o
Tortuga Boba;4374 - 1998-2010;Club Nautico;36;40;32;38;8;o
Tortuga Boba;2122 - 1998-2010;Puerto Colón;41,5;44,5;35,5;45;0;o
Tortuga Boba;2066 - 1998-2010;Pto. Colón;0;0;0;0;0;o
Tortuga Boba;2060 - 1998-2010;Pto. Colón;18;20;16;19,2;1;o
Tortuga Boba;2059 - 1998-2010;Pto. Colón;15,5;17;14;17,5;0,528;o
Tortuga Boba;2058 - 1998-2010;Pto. Colón;24,5;27,5;21;24;2,2;o
Tortuga Boba;1958 - 1998-2010;Radazul;16,5;18;14;17;0,65;o
Tortuga Boba;1957 - 1998-2010;Radazul;16,2;17,5;14;17;0,655;o
Tortuga Boba;1943 - 1998-2010;Parque Marítimo;35;38;31;36;0;o
Tortuga Boba;1920 - 1998-2010;Playa del Beril;0;62;0;58;0;o
Tortuga Boba;2131 - 1998-2010;Puerto Colón;19;21,5;16;20;1,001;o
Tortuga Boba;2132 - 1998-2010;Puerto Colón;39;44;33;41;0;o
Tortuga Boba;2197 - 1998-2010;Puerto Colón;52,5;49;48;40;0;o
Tortuga Boba;2198 - 1998-2010;Pto Colón;47;50;42;51;0;o
Tortuga Boba;2221 - 1998-2010;Los Gigantes;48;54;41;50,5;18,6;o
Tortuga Boba;2222 - 1998-2010;Puerto Colón;46;50,5;42;51;19,6;o
Tortuga Boba;2289 - 1998-2010;Pto. Colón;19;21,5;16;20;1,22;o
Tortuga Boba;2312 - 1998-2010;Puerto Colón;38;42,5;35;42;0;o
Tortuga Boba;2332 - 1998-2010;Puerto Colon;0;0;0;0;7,7;o
Tortuga Boba;2333 - 1998-2010;Puerto Colón;45;51;40;47,5;13;o
Tortuga Boba;2382 - 1998-2010;Pto. Colón;0;0;0;0;11;o
Tortuga Boba;2402 - 1998-2010;Muelle;40;43;34;41;0;o
Tortuga Boba;2425 - 1998-2010;Playa San Juan;43,5;50;39;48,5;0;o
Tortuga Boba;8214 - actual;Muelle El Pozo  - CANDELARIA;59;60;52;58;39;o
Tortuga Boba;6232 - actual;Puerto Colón;0;0;0;0;0;o
Tortuga Boba;8246 - actual;EL FRAILE - ARONA;0;0;0;0;0;o
Tortuga Boba;8247 - actual;EL FRAILE - ARONA;0;0;0;0;0;o
Tortuga Boba;2251 - actual;Radazul (7 millas);31;34;28;34;6,4;o
Tortuga Boba;2035 - actual;El Poris;31;34;28;34;6,4;o
Tortuga Boba;1567 - actual;club Nautico;31;34;28;34;6,4;n
Tortuga Boba;3729 - 1998-2010;Poris de Abona;31;34;28;34;6,4;n
Tortuga Boba;2863 - 1998-2010;Muelle Rivera;31;34;28;34;6,4;n
Tortuga Boba;1163 - 1998-2010;Muelle de Los Gigantes;31;34;28;34;6,4;n
Tortuga Boba;8443 - actual;PUERTO COLÓN - ADEJE;26,3;28;23;27;3;n
Tortuga Boba;8454 - actual;PUERTO COLÓN - ADEJE;34,6;38;32;38;6;n
Tortuga Boba;8496 - actual;PALM-MAR - ARONA;35;35;28;32;6;n
Tortuga Boba;8521 - actual;EL SOCORRO - GÜIMAR;0;0;0;0;0;n
Tortuga Boba;8595 - actual;PUERTO COLÓN - ADEJE;29,5;32;25;30;4,032;n
Tortuga Boba;8620 - actual;PUERTO COLÓN - ADEJE;47;49;42;47;17;n
Tortuga Boba;8650 - actual;PLAYA FAÑABE - ADEJE;51;57;42,5;52;22;n
Tortuga Boba;8690 - actual;PLAYA FAÑABE - ADEJE;44;48;38,5;46;25;n
Tortuga Boba;8692 - actual;LA PUNTA DEL HIDALGO - LA LAGUNA;25;27;21;24;1,99;n
Tortuga Boba;8695 - actual;PLAYA FAÑABE - ADEJE;43,5;45;44;51;18,75;n
Tortuga Boba;8696 - actual;PLAYA SAN JUAN - GUÍA DE ISORA;29;32;26;31;3,4;n
Tortuga Boba;8739 - actual;PLAYA FAÑABE - ADEJE;0;0;0;0;0;n
Tortuga Boba;8763 - actual;PUERTO COLÓN - ADEJE;41;45;35,5;42;10,15;n
Tortuga Boba;8776 - actual;PUERTO DE LAS GALLETAS - ARONA;38;42;35;42;8,7;n
Tortuga Boba;8787 - actual;LOS GIGANTES - SANTIAGO DEL TEIDE;44;43;35;40;9;n
Tortuga Boba;8801 - actual;LOS GIGANTES - SANTIAGO DEL TEIDE;29;30;26;29;3;n
Tortuga Boba;8840 - actual;LOS CRISTIANOS - ARONA;33,2;37;29,5;37;5,7;n
Tortuga Boba;8862 - actual;PUERTO COLÓN - ADEJE;30;23;27;32;5,25;n
Tortuga Boba;8863 - actual;PUERTO COLÓN - ADEJE;27,8;31;25;31;3,6;n
Tortuga Boba;8884 - actual;PUERTO COLÓN - ADEJE;37,5;41;33;39;8,5;n
Tortuga Boba;8911 - actual;PUERTO DE LAS GALLETAS - ARONA;36;40;31,2;38;7,85;n
Tortuga Boba;8957 - actual;PUERTO DE LAS GALLETAS - ARONA;38;42;38;40;9,1;n
Tortuga Boba;9007 - actual;LOS GIGANTES - SANTIAGO DEL TEIDE;40,5;46;37,5;46;11,4;n
Tortuga Boba;9058 - actual;PUERTO COLÓN - ADEJE;38,5;42;33,5;41;9;n
Tortuga Boba;9085 - actual;LOS GIGANTES - SANTIAGO DEL TEIDE;30;33;26;31;3,85;n
Tortuga Boba;9092 - actual;La Caleta  - Adeje;19;18;16,5;18;1,15;n
Tortuga Boba;9114 - actual;MUELLE - SANTA CRUZ DE TENERIFE;29,5;31;26,5;30;4,35;d
Tortuga Boba;9117 - actual;PUERTO COLÓN - ADEJE;52;55;36;41;11;d
Tortuga Boba;9131 - actual;PUERTO COLÓN - ADEJE;0;0;0;0;0;d
Tortuga Boba;9132 - actual;PUERTO COLÓN - ADEJE;54;59;47;54;0;d
Tortuga Boba;9136 - actual;PUERTO COLÓN - ADEJE;52;57;45,5;55;19,6;d
Tortuga Boba;9139 - actual;MESAS DEL MAR - TACORONTE;62;65;52;61;0;d
Tortuga Boba;9146 - actual;EL SOCORRO - GÜIMAR;38;39;33;37;7,65;d
Tortuga Boba;9148 - actual;EL BOLLULLO - La orotava;0;0;0;0;0;d
Tortuga Boba;9170 - actual;MARTIANEZ - PUERTO DE LA CRUZ;0;0;0;0;0;d
Tortuga Boba;9178 - actual;Muelle Amarilla Golf - San Miguel;0;0;0;0;0;d
Tortuga Boba;9218 - actual;Puertito Armeñime - Adeje;0;0;0;0;0;d
Tortuga Boba;9235 - actual;LOS GIGANTES - SANTIAGO DEL TEIDE;26;30;21;25;2,5;d
Tortuga Boba;9259 - actual;LOS GIGANTES - SANTIAGO DEL TEIDE;45;48;38;47;13,6;d
Tortuga Boba;9299 - actual;PUERTO COLÓN - ADEJE;44;46;40;45;14,9;d
Tortuga Boba;9360 - actual;LAS ERAS - FASNIA;41;44;35;43;10,15;d
Tortuga Boba;9366 - actual;LA NEA - EL ROSARIO;0;0;0;0;0;d
Tortuga Boba;9370 - actual;Valleseco - Santa Cruz;31;34;37;31;4,8;d
Tortuga Boba;9392 - actual;PLAYA SAN JUAN - GUÍA DE ISORA;70;71;59;70;60;d
Tortuga Boba;9430 - actual;PUERTO COLÓN - ADEJE;34;35;31;35;6,8;d
Tortuga Boba;9454 - actual;PUERTO COLÓN - ADEJE;0;0;0;0;0;d
Tortuga Boba;9455 - actual;Playa La Viuda - Güímar;39;40;34;38;7,65;d
Tortuga Boba;9457 - actual;PLAYA DE LOS GUÍOS - ;63;65;60;64;50;d
Tortuga Boba;9464 - actual;PLAYA FAÑABE - ADEJE;51;53;43;51;20;d
Tortuga Boba;9491 - actual;PUERTO COLÓN - ADEJE;55;59;46;56;24;d
Tortuga Boba;9509 - actual;PUERTO COLÓN - ADEJE;53;57;42;51;22;d
Tortuga Boba;9511 - actual;PLAYA PARAISO - ADEJE;38;41;33;40;9;d
Tortuga Boba;9512 - actual;PUERTO DE LAS GALLETAS - ARONA;48;48;39;45;16;d
Tortuga Boba;9540 - actual;MAL PAIS - GÜIMAR;0;0;0;0;0;d
Tortuga Boba;9590 - actual;TABAIBA - EL ROSARIO;36;32;39;41;7;d
Tortuga Boba;9604 - actual;PUERTO COLÓN - ADEJE;46;50;40;48;0;d
Tortuga Boba;9611 - actual;ALCALÁ - GUÍA DE ISORA;40;0;0;0;0;d
Tortuga Boba;9625 - actual;TAGANANA - SANTA CRUZ DE TENERIFE;19;22;16;20;1;e
Tortuga Boba;9636 - actual;LOS GIGANTES - SANTIAGO DEL TEIDE;50;56;41;52;0;e
Tortuga Boba;9671 - actual;PUERTO COLÓN - ADEJE;29;32;24,5;30;4,6;e
Tortuga Boba;9681 - actual;PUERTO COLÓN - ADEJE;45;50;39;48;0;e
Tortuga Boba;9688 - actual;PUERTO COLÓN - ADEJE;29;32;26;31;4;e
Tortuga Boba;9693 - actual;MUELLE - SANTA CRUZ DE TENERIFE;54;57;47;57;0;e
Tortuga Boba;9714 - actual;BAJAMAR - LA LAGUNA;28;31;23;29;0;e
Tortuga Boba;9734 - actual;PUERTO COLÓN - ADEJE;34;37;29;35;7;e
Tortuga Boba;9746 - actual;PUERTO COLÓN - ADEJE;43;47;33,5;43,5;0;e
Tortuga Boba;9768 - actual;PLAYAS LAS VISTAS - ARONA;0;0;0;0;0;e
Tortuga Boba;9801 - actual;MESAS DEL MAR - TACORONTE;44;51;55;56;0;e
Tortuga Boba;9839 - actual;LOS GIGANTES - SANTIAGO DEL TEIDE;52;60;47;59;0;e
Tortuga Boba;9844 - actual;LOS CRISTIANOS - ARONA;0;0;0;0;0;e
Tortuga Boba;9854 - actual;LAS CALETILLAS - CANDELARIA;40,8;45;35;42;10,7;e
Tortuga Boba;9866 - actual;PLAYA FAÑABE - ADEJE;38;42;33;40;9,85;e
Tortuga Boba;9867 - actual;SAN ANDRES - SANTA CRUZ DE TENERIFE;25;27;21;25;2,45;e
Tortuga Boba;9877 - actual;PUERTO COLÓN - ADEJE;57;60;45;56;25,6;e
Tortuga Boba;9879 - actual;PUERTO COLÓN - ADEJE;42;45;29;37;18;e
Tortuga Boba;9899 - actual;EL MÉDANO - GRANADILLA;43,5;47;37;44,5;11,45;e
Tortuga Boba;9900 - actual;EL MÉDANO - GRANADILLA;0;0;0;0;0;e
Tortuga Boba;9915 - actual;PLAYA FAÑABE - ADEJE;20;23;18;22;1;e
Tortuga Boba;9923 - actual;PLAYA FAÑABE - ADEJE;16,2;20;15;17,5;0,903;e
Tortuga Boba;9934 - actual;PLAYA FAÑABE - ADEJE;30;35;26,5;33;4,8;e
Tortuga Boba;9937 - actual;La Caleta  - Adeje;36;41;32;38;7;e
Tortuga Boba;9938 - actual;LOS CRISTIANOS - ARONA;28;30;26;32;2;e
Tortuga Boba;8862 - 1998-2010;Pto de Güímar;0;0;0;0;0;e
Tortuga Boba;7770 - 1998-2010;Malpaís;0;0;0;0;0;e
Tortuga Boba;9971 - actual;PUERTO COLÓN - ADEJE;35;37;31;36;7;e
Tortuga Boba;9972 - actual;PUERTO COLÓN - ADEJE;0;0;0;0;0;e
Tortuga Boba;10004 - actual;PUERTO COLÓN - ADEJE;45;50;38;46;15;e
Tortuga Boba;10007 - actual;EL PORIS - ARICO;37;42;33;40;8;e
Tortuga Boba;10047 - actual;JOVER - LA LAGUNA;40;47;33;45;0;f
Tortuga Boba;10065 - actual;PLAYAS LAS VISTAS - ARONA;0;0;0;0;3;f
Tortuga Boba;10075 - actual;PLAYA FAÑABE - ADEJE;17;19;15;18;990;f
Tortuga Boba;10105 - actual;PUERTO COLÓN - ADEJE;19;21;16;20;1;f
Tortuga Boba;10153 - actual;PUERTO COLÓN - ADEJE;46;51;41;48;16;f
Tortuga Boba;10161 - actual;PUERTO COLÓN - ADEJE;44;50;38;46;14;f
Tortuga Boba;10189 - actual;PUERTO COLÓN - ADEJE;52;59;45;56;23;f
Tortuga Boba;10204 - actual;PUERTO COLÓN - ADEJE;46;49;38;48;16;f
Tortuga Boba;10205 - actual;EL PORIS - ARICO;41;45;36;45;12;f
Tortuga Boba;10216 - actual;PUERTO COLÓN - ADEJE;44;50;37;46;13;f
Tortuga Boba;10253 - actual;EL PORIS - ARICO;42;48;40;46;12;f
Tortuga Boba;10259 - actual;PUERTO COLÓN - ADEJE;49;53;42;50;18;f
Tortuga Boba;10271 - actual;LAS ERAS - FASNIA;0;0;0;0;0;f
Tortuga Boba;10278 - actual;RADAZUL - EL ROSARIO;33;38;28;34;5;f
Tortuga Boba;10294 - actual;PUERTO COLÓN - ADEJE;29;33;26;32;0;f
Tortuga Boba;10295 - actual;PUERTO COLÓN - ADEJE;51;55;44;55;21;f
Tortuga Boba;10308 - actual;Puerto de Granadilla - Granadilla;35;37;28;34;0;f
Tortuga Boba;10309 - actual;EL PORIS - ARICO;32;35;26;31;0;f
Tortuga Boba;10312 - actual;PUERTO COLÓN - ADEJE;26;30;24;28;3;f
Tortuga Boba;10313 - actual;LAS CALETILLAS - CANDELARIA;71;75;62;68;0;f
Tortuga Boba;10331 - actual;PUERTO COLÓN - ADEJE;20;23;17;20;1;f
Tortuga Boba;10332 - actual;PUERTO COLÓN - ADEJE;19;22;16;20;1;f
Tortuga Boba;10342 - actual;PLAYA FAÑABE - ADEJE;27;30;22;28;3;f
Tortuga Boba;10345 - actual;PLAYA FAÑABE - ADEJE;26;31;24;30;3;f
Tortuga Boba;10353 - actual;EL PORIS - ARICO;24;27;22;26;2;f
Tortuga Boba;10358 - actual;EL PORIS - ARICO;32;35;28;34;5;f
Tortuga Boba;10363 - actual;PLAYA FAÑABE - ADEJE;0;0;0;0;0;f
Tortuga Boba;10368 - actual;LAS ERAS - FASNIA;0;0;0;0;0;f
Tortuga Boba;10369 - actual;LAS ERAS - FASNIA;0;0;0;0;0;m
Tortuga Boba;10370 - actual;EL PORIS - ARICO;0;0;0;0;0;m
Tortuga Boba;10375 - actual;CANDELARIA - CANDELARIA;49,9;48,2;39,5;41,1;14,35;m
Tortuga Boba;10378 - actual;LOS GIGANTES - SANTIAGO DEL TEIDE;30,6;35;26,8;32;4,6;m
Tortuga Boba;10380 - actual;PUERTO COLÓN - ADEJE;0;0;0;0;0;m
Tortuga Boba;10385 - actual;PUERTO COLÓN - ADEJE;28;33;24;30;3;m
Tortuga Boba;10416 - actual;PUERTO COLÓN - ADEJE;31,8;33;27,2;32;4,9;m
Tortuga Boba;10424 - actual;PUERTO COLÓN - ADEJE;0;0;0;0;0;m
Tortuga Boba;10446 - actual;PUERTO COLÓN - ADEJE;25;26;22;25;2;m
Tortuga Boba;10452 - actual;PLAYA FAÑABE - ADEJE;37,5;40;33;39;9,25;m
Tortuga Boba;10475 - actual;PLAYA SAN JUAN - GUÍA DE ISORA;60;67;54;64;0;m
Tortuga Boba;10477 - actual;PLAYA FAÑABE - ADEJE;41;45;35;43;10;m
Tortuga Boba;10487 - actual;;70;76;60;72;0;m
Tortuga Boba;10495 - actual;PUERTO COLÓN - ADEJE;41;47;38;47;11;m
Tortuga Boba;10506 - actual;Punta de Teno - Buenavista;23;26;20;25;2;m
Tortuga Boba;10519 - actual;PUERTO COLÓN - ADEJE;28;30;24,5;29;4,38;m
Tortuga Boba;10522 - actual;PLAYA FAÑABE - ADEJE;56;59;46,5;57;24,2;m
Tortuga Boba;10563 - actual;LOS GIGANTES - SANTIAGO DEL TEIDE;46;51;39;47;0;m
Tortuga Boba;10565 - actual;PUERTO COLÓN - ADEJE;36,1;41;33;41;8;m
Tortuga Boba;10572 - actual;EL PORIS - ARICO;35;39;31;36;6;m
Tortuga Boba;10578 - actual;PUERTO COLÓN - ADEJE;40;43;33;40;9;m
Tortuga Boba;10671 - actual;ARONA - ARONA;0;0;0;0;0;m
Tortuga Boba;10672 - actual;LAS GALLETAS - ARONA;0;0;0;0;0;m
Tortuga Boba;10678 - actual;PUERTO COLÓN - ADEJE;37;42;33;41;8;m
Tortuga Boba;10684 - actual;PUERTO COLÓN - ADEJE;44;49;37;46;12;m
Tortuga Boba;10691 - actual;MUELLE - SANTA CRUZ DE TENERIFE;38;42;34;40;0;m
Tortuga Boba;10700 - actual;PLAYA FAÑABE - ADEJE;54,5;59;45,5;54;23,4;m
Tortuga Boba;10717 - actual;PUERTO COLÓN - ADEJE;56,2;59;48,2;56;28,5;m
Tortuga Boba;10733 - actual;EL PORIS - ARICO;41,5;48;35;46;0;m
Tortuga Boba;481 - actual;Puerto Colón;0;0;0;0;0;m
Tortuga Boba;10773 - actual;Igueste de San Andrés (Barranco) - santa Cruz;42;48;38;46;0;m
Tortuga Boba;10813 - actual;PUERTO COLÓN - ADEJE;54;59;49;47;27,4;a
Tortuga Boba;10814 - actual;LOS CRISTIANOS - ARONA;45;50;40;49;13;a
Tortuga Boba;10824 - actual;PLAYA FAÑABE - ADEJE;36;40;31;36;7,45;a
Tortuga Boba;10830 - actual;EL MÉDANO - GRANADILLA;0;0;0;0;0;a
Tortuga Boba;10808 - actual;ARONA - ARONA;63,4;67,1;57,2;62;0;a
Tortuga Boba;10838 - actual;EL PORIS - ARICO;24,1;29;21,1;21;2,204;a
Tortuga Boba;10883 - actual;PUERTO COLÓN - ADEJE;29;31;25;30;3;a
Tortuga Boba;10884 - actual;EL MÉDANO - GRANADILLA;30;33;26;31;4;a
Tortuga Boba;10891 - actual;PUERTO COLÓN - ADEJE;19;22;16;20;1;a
Tortuga Boba;10904 - actual;PUERTO COLÓN - ADEJE;37;40;32;38;7;a
Tortuga Boba;10905 - actual;;39;44;34;43;10;a
Tortuga Boba;10915 - actual;EL PALMAR - BUENAVISTA DEL NORTE;36;43;34;41;9;a
Tortuga Boba;10917 - actual;MARTIANEZ - PUERTO DE LA CRUZ;32;35;26;33;2;a
Tortuga Boba;10938 - actual;PUERTO COLÓN - ADEJE;35;41;31;41;7,55;a
Tortuga Boba;10947 - actual;EL PORIS - ARICO;36;39;31;35;0;a
Tortuga Boba;10948 - actual;EL MÉDANO - GRANADILLA;27;31;24,4;28,5;3,3;a
Tortuga Boba;10956 - actual;MUELLE - SANTA CRUZ DE TENERIFE;40,8;47;37;45;11,9;a
Tortuga Boba;10970 - actual;EL SOCORRO - ARAFO;46;50;40;48;0;a
Tortuga Boba;10991 - actual;EL MÉDANO - GRANADILLA;0;0;0;0;0;a
Tortuga Boba;10999 - actual;PUERTO DE LAS GALLETAS - ARONA;0;0;0;0;0;a
Tortuga Boba;11000 - actual;PUERTO DE LAS GALLETAS - ARONA;0;0;0;0;0;a
Tortuga Boba;11001 - actual;PUERTO COLÓN - ADEJE;0;0;0;0;0;a
Tortuga Boba;11002 - actual;PUERTO COLÓN - ADEJE;0;0;0;0;0;a
Tortuga Boba;11003 - actual;EL PORIS - ARICO;33;37;30;36;5;a
Tortuga Boba;11004 - actual;PUERTO COLÓN - ADEJE;39;43;33;40;9;a
Tortuga Boba;11007 - actual;EL PORIS - ARICO;25;29;22;27;2;a
Tortuga Boba;11014 - actual;EL PORIS - ARICO;27;31;24,5;29;3,4;a
Tortuga Boba;11052 - actual;PALM-MAR - ARONA;42;42;41;43;0;a
Tortuga Boba;11053 - actual;PUERTO COLÓN - ADEJE;20,5;23;17,5;21;1,367;a
Tortuga Boba;11061 - actual;PLAYA SAN JUAN - GUÍA DE ISORA;31;34;25;32;5;a
Tortuga Boba;11065 - actual;EL PORIS - ARICO;34;38;30;36;5;m
Tortuga Boba;11066 - actual;;24;26;20;24;3;m
Tortuga Boba;11074 - actual;PUERTO COLÓN - ADEJE;19;21;16;20;0;m
Tortuga Boba;11140 - actual;ALCALÁ - GUÍA DE ISORA;23;26;19;24;3;m
Tortuga Boba;11145 - actual;PLAYA FAÑABE - ADEJE;26;30;23;26;3;m
Tortuga Boba;11155 - actual;Playa Sibora - LOS SILOS;23;27;19;23;2;m
Tortuga Boba;11156 - actual;PLAYA FAÑABE - ADEJE;23;26;20;24;2;m
Tortuga Boba;11196 - actual;PUERTO COLÓN - ADEJE;35,5;40;32;39;8,45;m
Tortuga Boba;11201 - actual;PUERTO COLÓN - ADEJE;17,5;19;14,5;17;0,966;m
Tortuga Boba;11202 - actual;PUERTO COLÓN - ADEJE;17,5;19;15;18;1,068;m
Tortuga Boba;11203 - actual;PUERTO COLÓN - ADEJE;39;43;34;39;9,6;m
Tortuga Boba;11207 - actual;PLAYA FAÑABE - ADEJE;28;30;24;29;3;m
Tortuga Boba;11221 - actual;LAS GALLETAS - ARONA;47;51,5;42;51,5;16,7;m
Tortuga Boba;11240 - actual;TEJINA - LA LAGUNA;53;58;44;56;0;m
Tortuga Boba;11241 - actual;EL PORIS - ARICO;0;0;0;0;0;m
Tortuga Boba;11252 - actual;PUERTO COLÓN - ADEJE;27;29;24;28,5;3,5;m
Tortuga Boba;11253 - actual;PUERTO COLÓN - ADEJE;19,5;22;16,5;21;1,3;m
Tortuga Boba;11254 - actual;PUERTO COLÓN - ADEJE;23;26;19,5;23;1,4;m
Tortuga Boba;11268 - actual;MUELLE - SANTA CRUZ DE TENERIFE;24;26;19;23;1,95;m
Tortuga Boba;11308 - actual;EL PORIS - ARICO;24;26;21,5;27;2;m
Tortuga Boba;11314 - actual;ARONA - ARONA;0;0;0;0;0;m
Tortuga Boba;11315 - actual;LOS GIGANTES - SANTIAGO DEL TEIDE;34;37;29;35;5,7;m
Tortuga Boba;11316 - actual;LOS GIGANTES - SANTIAGO DEL TEIDE;34,5;37;30,5;36;6;m
Tortuga Boba;11318 - actual;LAS GALLETAS - ARONA;28;30;25;30;3,7;m
Tortuga Boba;11323 - actual;CANDELARIA - CANDELARIA;0;0;0;0;0;m
Tortuga Boba;11337 - actual;EL PORIS - ARICO;19;22;16,5;19;0,982;m
Tortuga Boba;11338 - actual;EL PORIS - ARICO;21,5;23;18;21;1,47;m
Tortuga Boba;11347 - actual;EL PORIS - ARICO;0;0;0;0;0;m
Tortuga Boba;11350 - actual;SANTIAGO DEL TEIDE - SANTIAGO DEL TEIDE;20,5;23;17;21;1,6;m
Tortuga Boba;11351 - actual;PLAYA SAN JUAN - GUÍA DE ISORA;25;27,5;21;25,2;2,7;m
Tortuga Boba;11359 - actual;EL PORIS - ARICO;24,9;27;20,8;25;2,5;m
Tortuga Boba;11369 - actual;PUERTO COLÓN - ADEJE;23;25,5;18,3;23;1,75;j
Tortuga Boba;11370 - actual;LOS GIGANTES - SANTIAGO DEL TEIDE;21,2;23;18,2;22;1,587;j
Tortuga Boba;11406 - actual;SANTIAGO DEL TEIDE - SANTIAGO DEL TEIDE;44;49;38,8;47,5;10,5;j
Tortuga Boba;11407 - actual;PUERTO COLÓN - ADEJE;38,8;43;34,8;42,1;10,2;j
Tortuga Boba;11408 - actual;PUERTO COLÓN - ADEJE;0;0;0;0;0;j
Tortuga Boba;11411 - actual;EL MÉDANO - GRANADILLA;0;0;0;0;0;j
Tortuga Boba;11415 - actual;PLAYA FAÑABE - ADEJE;22;23;19;20;1,48;j
Tortuga Boba;11430 - actual;PUERTO COLÓN - ADEJE;31;35;28;34;5;j
Tortuga Boba;11434 - actual;TAGANANA - SANTA CRUZ DE TENERIFE;0;0;0;0;0;j
Tortuga Boba;11457 - actual;PUERTO COLÓN - ADEJE;0;0;0;0;0;j
Tortuga Boba;11458 - actual;PUERTO COLÓN - ADEJE;18;20;17;19;1;j
Tortuga Boba;11474 - actual;PUERTO COLÓN - ADEJE;0;0;0;0;0;j
Tortuga Boba;11493 - actual;LOS CRISTIANOS - ARONA;22;24;19;23;1;j
Tortuga Boba;11494 - actual;PLAYA FAÑABE - ADEJE;23;26;19;25;2;j
Tortuga Boba;11501 - actual;LOS GIGANTES - SANTIAGO DEL TEIDE;0;0;0;0;0;j
Tortuga Boba;11506 - actual;PORIS DE ABONA - ARICO;0;0;0;0;0;j
Tortuga Boba;11508 - actual;LOS GIGANTES - SANTIAGO DEL TEIDE;0;0;0;0;0;j
Tortuga Boba;11509 - actual;;0;0;0;0;0;j
Tortuga Boba;11510 - actual;PUERTO COLÓN - ADEJE;0;0;0;0;0;j
Tortuga Boba;11517 - actual;PUERTO COLÓN - ADEJE;0;0;0;0;0;j
Tortuga Boba;11519 - actual;PUERTO COLÓN - ADEJE;0;0;0;0;0;j
Tortuga Boba;11521 - actual;PUERTO COLÓN - ADEJE;0;0;0;0;0;j
Tortuga Boba;11522 - actual;PUERTO COLÓN - ADEJE;0;0;0;0;0;j
Tortuga Boba;11536 - actual;PUERTO COLÓN - ADEJE;18;21;16;16;1;j
Tortuga Boba;11544 - actual;PUERTO COLÓN - ADEJE;0;0;0;0;0;j
Tortuga Boba;11545 - actual;PUERTO COLÓN - ADEJE;18;21;15;19;1;j
Tortuga Boba;11551 - actual;EL PORIS - ARICO;19,9;23;17,7;21;1,375;j
Tortuga Boba;11552 - actual;PUERTO COLÓN - ADEJE;35,9;40;32;38;7,25;j
Tortuga Boba;11563 - actual;EL PORIS - ARICO;21,5;23;22;23;0,62;j
Tortuga Boba;11564 - actual;EL MÉDANO - GRANADILLA;32;36;29,1;35,1;5,214;j
Tortuga Boba;11570 - actual;CANDELARIA - CANDELARIA;36,2;44;31,2;43;0;j
Tortuga Boba;11571 - actual;EL MÉDANO - GRANADILLA;37,35;41;34;40,2;8,55;j
Tortuga Boba;11579 - actual;PUERTO COLÓN - ADEJE;45;51;40;48;13;j
Tortuga Boba;11580 - actual;PUERTO COLÓN - ADEJE;16;20;14;18;909;j
Tortuga Boba;11583 - actual;EL PORIS - ARICO;0;0;0;0;0;j
Tortuga Boba;11584 - actual;EL PORIS - ARICO;20;22;16;21;1;j
Tortuga Boba;11587 - actual;PUERTO COLÓN - ADEJE;41;46;37;45;6;j
Tortuga Boba;11590 - actual;PUERTO COLÓN - ADEJE;34;38;28;35;6;j
Tortuga Boba;11592 - actual;PUERTO COLÓN - ADEJE;20;22;17;21;1;j
Tortuga Boba;11596 - actual;PALM-MAR - ARONA;24;22;29;27;2;j
Tortuga Boba;11597 - actual;PUERTO COLÓN - ADEJE;20;24;18;22;1;j
Tortuga Boba;11598 - actual;PUERTO COLÓN - ADEJE;18;15;20;18;1;j
Tortuga Boba;11599 - actual;PUERTO COLÓN - ADEJE;18;21;15;19;1;j
Tortuga Boba;11600 - actual;LOS GIGANTES - SANTIAGO DEL TEIDE;39;45;35;42;11;j
Tortuga Boba;11604 - actual;PUERTO COLÓN - ADEJE;24;27;19;25;2;j
Tortuga Boba;11605 - actual;LOS GIGANTES - SANTIAGO DEL TEIDE;36;39;32;40;8;j
Tortuga Boba;11609 - actual;Puertito de Güímar - Puertito de Güímar;28;33;24;30;3;j
Tortuga Boba;11614 - actual;PUERTO COLÓN - ADEJE;29;31;24;28;3;j
Tortuga Boba;11624 - actual;EL PORIS - ARICO;0;0;0;0;0;j
Tortuga Boba;11625 - actual;PUERTO COLÓN - ADEJE;16;20;14;20;0;j
Tortuga Boba;11626 - actual;EL PORIS - ARICO;0;0;0;0;0;j
Tortuga Boba;11627 - actual;PUERTO COLÓN - ADEJE;41;43;35;41;8;j
Tortuga Boba;11629 - actual;PUERTO COLÓN - ADEJE;55;63;49;60;28;j
Tortuga Boba;11631 - actual;LAS GALLETAS - ARONA;32;40;28;37;0;j
Tortuga Boba;11634 - actual;EL MÉDANO - GRANADILLA;0;0;0;0;1;j
Tortuga Boba;11640 - actual;PUERTO COLÓN - ADEJE;40;44;34;41;8,35;j
Tortuga Boba;11656 - actual;PUERTO COLÓN - ADEJE;20;23;17;21;1;j
Tortuga Boba;11665 - actual;LOS CRISTIANOS - ARONA;31;33;30;31;0;j
Tortuga Boba;11669 - actual;PUERTO COLÓN - ADEJE;33;39;31;36;6;j
Tortuga Boba;11675 - actual;PUERTO COLÓN - ADEJE;0;0;0;0;0;j
Tortuga Boba;11677 - actual;SAN ANDRES - SANTA CRUZ DE TENERIFE;25;30;22;27;2;j
Tortuga Boba;11682 - actual;TAGANANA - SANTA CRUZ DE TENERIFE;0;0;0;0;7;a
Tortuga Boba;11684 - actual;PUERTO COLÓN - ADEJE;17;19;14;17;7;a
Tortuga Boba;11689 - actual;PUERTO COLÓN - ADEJE;18;21;15;19;1;a
Tortuga Boba;11693 - actual;PUERTO COLÓN - ADEJE;54,5;60;45,5;55;23;a
Tortuga Boba;11696 - actual;LOS CRISTIANOS - ARONA;18,1;21;15,1;20;1,1;a
Tortuga Boba;11701 - actual;PUERTO COLÓN - ADEJE;22;25;20;24;1;a
Tortuga Boba;11716 - actual;LAS AMERICAS - ADEJE;26;28;21;26;2;a
Tortuga Boba;11717 - actual;LOS CRISTIANOS - ARONA;41;45;36;40;5;a
Tortuga Boba;11718 - actual;EL MÉDANO - GRANADILLA;35;38;30;35;5;a
Tortuga Boba;11722 - actual;LOS GIGANTES - SANTIAGO DEL TEIDE;40;43;35;41;0;a
Tortuga Boba;11724 - actual;EL BOLLULLO - La Orotava;36;40;35;38;0;a
Tortuga Boba;11726 - actual;LOS GIGANTES - SANTIAGO DEL TEIDE;35;40;31;39;0;a
Tortuga Boba;11731 - actual;Las Teresitas - Santa Cruz;65;70;56;66;0;a
Tortuga Boba;11732 - actual;LOS GIGANTES - SANTIAGO DEL TEIDE;25,5;27;22;26;2,645;a
Tortuga Boba;11750 - actual;LAS GALLETAS - ARONA;23;29;20;25,5;2;a
Tortuga Boba;11751 - actual;PUERTO COLÓN - ADEJE;30;33;25,5;31;4,45;a
Tortuga Boba;11752 - actual;PUERTO COLÓN - ADEJE;38,5;45;32;41;9,2;a
Tortuga Boba;11753 - actual;PUERTO COLÓN - ADEJE;18;21;16;19;1;a
Tortuga Boba;11754 - actual;PUERTO COLÓN - ADEJE;21;25;18;24;1,6;a
Tortuga Boba;11756 - actual;EL PORIS - ARICO;20;22;17;21;1,365;a
Tortuga Boba;11755 - actual;PUERTO COLÓN - ADEJE;22,5;25;19;23;1,55;a
Tortuga Boba;11757 - actual;EL PORIS - ARICO;21;24;18;22;1,3;a
Tortuga Boba;11763 - actual;MUELLE - SANTA CRUZ DE TENERIFE;35;40;31;49;7,4;a
Tortuga Boba;11769 - actual;PUERTO COLÓN - ADEJE;20;23;17;21;1,407;a
Tortuga Boba;11775 - actual;ARICO - ARICO;21;24;18;23;1,49;a
Tortuga Boba;11778 - actual;EL PORIS - ARICO;25;27;21;25;2,29;a
Tortuga Boba;11781 - actual;SANTIAGO DEL TEIDE - SANTIAGO DEL TEIDE;23;22;20,5;24;1,73;a
Tortuga Boba;11789 - actual;EL PORIS - ARICO;34,5;38;29;38;0;a
Tortuga Boba;11792 - actual;LOS SILOS - LOS SILOS;20,9;23;17,8;21;1,277;a
Tortuga Boba;11798 - actual;PUERTO COLÓN - ADEJE;24;26;20;25;2,79;a
Tortuga Boba;11819 - actual;LAS GALLETAS - ARONA;34;38;30;35;6,312;a
Tortuga Boba;11831 - actual;PUERTO COLÓN - ADEJE;48;52;44;53;18;s
Tortuga Boba;11854 - actual;PUERTO COLÓN - ADEJE;48;54;41;48;19,35;s
Tortuga Boba;11866 - actual;LOS GIGANTES - SANTIAGO DEL TEIDE;60;65;50;60;35,14;s
Tortuga Boba;11867 - actual;LAS GALLETAS - ARONA;25;28;22;26;2,608;s
Tortuga Boba;11886 - actual;PUERTO COLÓN - ADEJE;32,4;24;28,3;36;6,1;s
Tortuga Boba;11900 - actual;PUERTO COLÓN - ADEJE;24;27;22;26;2,606;s
Tortuga Boba;11909 - actual;PUERTO COLÓN - ADEJE;36,5;40;32;38;8,1;s
Tortuga Boba;11949 - actual;PUERTO COLÓN - ADEJE;25,5;30;22;27;2,725;s
Tortuga Boba;11958 - actual;PUERTO COLÓN - ADEJE;32;36;29;35;6,45;s
Tortuga Boba;11977 - actual;LOS GIGANTES - SANTIAGO DEL TEIDE;21;24;18;22;1;s
Tortuga Boba;11979 - actual;PLAYA FAÑABE - ADEJE;43;46;35;44;13;s
Tortuga Boba;11982 - actual;PALM-MAR - ARONA;0;0;0;0;88;s
Tortuga Boba;11984 - actual;ADEJE - ADEJE;32;37;30;37;7;s
Tortuga Boba;11985 - actual;PUERTO COLÓN - ADEJE;29;30;26;32;4;s
Tortuga Boba;11986 - actual;PUERTO COLÓN - ADEJE;35;40;30;40;8;s
Tortuga Boba;11988 - actual;PUERTO COLÓN - ADEJE;39;42;34;38;9;s
Tortuga Boba;12000 - actual;LAS GALLETAS - ARONA;0;0;0;0;0;s
Tortuga Boba;12002 - actual;PUERTO COLÓN - ADEJE;47;52;41;50;16;s
Tortuga Boba;12004 - actual;SANTIAGO DEL TEIDE - SANTIAGO DEL TEIDE;29;33;25;31;4;s
Tortuga Boba;12014 - actual;SAN ANDRES - SANTA CRUZ DE TENERIFE;46;52;37;48;16,5;s
Tortuga Boba;12017 - actual;PLAYA SAN JUAN - GUÍA DE ISORA;58;64;51;62;34,75;s
Tortuga Boba;12020 - actual;PUERTO COLÓN - ADEJE;0;0;0;0;0;s
Tortuga Boba;12067 - actual;PUERTO COLÓN - ADEJE;23;27;22,5;24,5;2,35;s
Tortuga Boba;12070 - actual;EL MÉDANO - GRANADILLA;20,4;23;18;22;1,51;s
Tortuga Boba;12071 - actual;EL PORIS - ARICO;0;0;0;0;0;s
Tortuga Boba;12076 - actual;PUERTO COLÓN - ADEJE;43;49;38;45;15,3;s
Tortuga Boba;12082 - actual;PUERTO COLÓN - ADEJE;22,1;26;19,1;24;2,05;s
Tortuga Boba;12083 - actual;PUERTO COLÓN - ADEJE;23,9;28;20,9;25;2,4;s
Tortuga Boba;12089 - actual;PUERTO COLÓN - ADEJE;54;60;45;54;23,65;s
Tortuga Boba;12097 - actual;PUERTO COLÓN - ADEJE;22,5;25;18,5;23;1,85;s
Tortuga Boba;12104 - actual;EL MÉDANO - GRANADILLA;18;20;16;19;0;o
Tortuga Boba;12106 - actual;PUERTO COLÓN - ADEJE;20,1;22,8;17,8;21,4;1,45;o
Tortuga Boba;12118 - actual;PUERTO COLÓN - ADEJE;53,8;59;48;59;25,8;o
Tortuga Boba;12121 - actual;PUERTO COLÓN - ADEJE;28,5;30,2;25,5;29,9;3,6;o
Tortuga Boba;12124 - actual;PUERTO COLÓN - ADEJE;27;31;24;30;3,1;o
Tortuga Boba;12125 - actual;PUERTO COLÓN - ADEJE;27;30;23,5;29;3,5;o
Tortuga Boba;12140 - actual;EL PORIS - ARICO;21;24;18;22;1,5;o
Tortuga Boba;12143 - actual;PUERTO COLÓN - ADEJE;26;30;23;27;3,2;o
Tortuga Boba;12157 - actual;LOS GIGANTES - SANTIAGO DEL TEIDE;57;63,5;49,5;62;27;o
Tortuga Boba;12159 - actual;EL PORIS - ARICO;0;0;0;0;0;o
Tortuga Boba;12167 - actual;PUERTO COLÓN - ADEJE;58;66;49;61;28,3;o
Tortuga Boba;12175 - actual;TAJAO - ARICO;79;76,5;60;72;70;o
Tortuga Boba;12176 - actual;PUERTO COLÓN - ADEJE;25,5;29;21,5;27,5;2,65;o
Tortuga Boba;12181 - actual;ARAFO - ARAFO;0;0;0;0;0;o
Tortuga Boba;12215 - actual;LAS GALLETAS - ARONA;44;50;41;49;14,7;o
Tortuga Boba;12216 - actual;LOS GIGANTES - SANTIAGO DEL TEIDE;27,5;32;23,5;28;3,45;o
Tortuga Boba;12217 - actual;PUERTO COLÓN - ADEJE;22,5;26;19;22,5;2;o
Tortuga Boba;12230 - actual;EL PORIS - ARICO;49;51;47,5;49;16,2;o
Tortuga Boba;12231 - actual;PLAYA FAÑABE - ADEJE;52;54;52;54;13,1;o
Tortuga Boba;12232 - actual;PLAYA FAÑABE - ADEJE;0;0;0;0;0;o
Tortuga Boba;12256 - actual;EL MÉDANO - GRANADILLA;0;0;0;0;0;o
Tortuga Boba;12268 - actual;TAGANANA - SANTA CRUZ DE TENERIFE;50;0;0;0;1,5;o
Tortuga Boba;12292 - actual;LA PUNTA DEL HIDALGO - LA LAGUNA;44,5;51,5;38,5;49;13,85;o
Tortuga Boba;12311 - actual;EL PORIS - ARICO;23;26;20;24;1,93;o
Tortuga Boba;12409 - actual;LAS GALLETAS - ARONA;19;21;17,5;20;1,3;o
Tortuga Boba;12415 - actual;LA PUNTA DEL HIDALGO - LA LAGUNA;0;0;0;0;2,2;o
Tortuga Boba;12451 - actual;JOVER - LA LAGUNA;37,5;34,5;43;42,5;8,7;o
Tortuga Boba;12457 - actual;PUERTO COLÓN - ADEJE;27;29;21,5;26,5;2,9;o
Tortuga Boba;12469 - actual;TAGANANA - SANTA CRUZ DE TENERIFE;0;0;0;0;0;o
Tortuga Boba;12497 - actual;Roque Bermejo - Santa Cruz;25,5;29;23;27;3,22;o
Tortuga Boba;12506 - actual;SANTA CRUZ DE TENERIFE - SANTA CRUZ DE TENERIFE;32,5;36;27,5;34;5,25;o
Tortuga Boba;12533 - actual;TAGANANA - SANTA CRUZ DE TENERIFE;0;0;0;0;0;n
Tortuga Boba;12538 - actual;PUERTO COLÓN - ADEJE;20,5;17,5;24;21,5;1,3;n
Tortuga Boba;12541 - actual;EL PORIS - ARICO;34,5;41;31,2;38;6,8;n
Tortuga Boba;12555 - actual;MUELLE - SANTA CRUZ DE TENERIFE;40,5;45;36,5;44;9,5;n
Tortuga Boba;12572 - actual;Puertito Armeñime - Adeje;39,5;46;34,5;43;9,2;n
Tortuga Boba;12720 - actual;LAS GALLETAS - ARONA;20;26;22;23,5;1,9;n
Tortuga Boba;12776 - actual;EL PORIS - ARICO;21;25;19;20;1,3;n
Tortuga Boba;12844 - actual;PUERTO COLÓN - ADEJE;18,5;20;16;20;1,1;n
Tortuga Boba;12856 - actual;LAS GALLETAS - ARONA;24;27;19;24;1;n
Tortuga Boba;12858 - actual;PLAYA FAÑABE - ADEJE;23;26;20;25;2;n
Tortuga Boba;12873 - actual;PTO. SANTIAGO - GUÍA DE ISORA;22,5;26;19;22,5;1,85;n
Tortuga Boba;12882 - actual;ARICO - ARICO;0;0;0;0;0;n
Tortuga Boba;12887 - actual;LA CALETA - GÜÍMAR;0;0;0;0;0;n
Tortuga Boba;12908 - actual;PUERTO COLÓN - ADEJE;0;0;0;0;0;n
Tortuga Boba;12940 - actual;LOS GIGANTES - SANTIAGO DEL TEIDE;37,3;41;34,8;43;9,1;n
Tortuga Boba;12941 - actual;PUERTO COLÓN - ADEJE;17,5;14,5;21;20;0,8;n
Tortuga Boba;12955 - actual;LA PUNTA DEL HIDALGO - LA LAGUNA;73;76;58;72;51,55;n
Tortuga Boba;12965 - actual;PORIS DE ABONA - ARICO;20,5;23;18,5;22;1,35;n
Tortuga Boba;12966 - actual;EL PORIS - ARICO;38,5;43;35;42;10,5;n
Tortuga Boba;12987 - actual;Punta de Teno - Buenavista;18;22;17;20;1,25;n
Tortuga Boba;13012 - actual;LOS GIGANTES - SANTIAGO DEL TEIDE;22;25;19,5;23;1,8;n
Tortuga Boba;13018 - actual;EL PORIS - ARICO;26;29,5;22;27;2,85;n
Tortuga Boba;13034 - actual;EL PORIS - ARICO;18;21;17;24;0;n
Tortuga Boba;13041 - actual;PUERTO COLÓN - ADEJE;20;24;17,5;21;1,45;n
Tortuga Boba;13047 - actual;LOS GIGANTES - SANTIAGO DEL TEIDE;22,5;28;22;28;2,7;n
Tortuga Boba;13048 - actual;LOS GIGANTES - SANTIAGO DEL TEIDE;46,5;50;38,5;46;14,4;n
Tortuga Boba;13056 - actual;LOS GIGANTES - SANTIAGO DEL TEIDE;38;33;42;41;8,6;n
Tortuga Boba;13172 - actual;EL PORIS - ARICO;0;0;0;0;0;n
Tortuga Boba;13194 - actual;LOS SILOS - LOS SILOS;0;0;0;0;0;n
Tortuga Boba;13206 - actual;LOS CRISTIANOS - ARONA;69;71;58;70;48,75;n
Tortuga Boba;13211 - actual;PLAYA FAÑABE - ADEJE;0;0;0;0;0;d
Tortuga Boba;13215 - actual;GÜIMAR - GÜIMAR;32;35;29;34;5,6;d
Tortuga Boba;13216 - actual;PLAYA FAÑABE - ADEJE;50;54;44;53;0;d
Tortuga Boba;13226 - actual;GÜIMAR - GÜIMAR;38;0;32;0;10;d
Tortuga Boba;13230 - actual;GUIA DE ISORA - GUIA DE ISORA;56;61;49;60;29,35;d
Tortuga Boba;13255 - actual;GÜIMAR - GÜIMAR;0;0;0;0;0;d
Tortuga Boba;13259 - actual;LOS GIGANTES - SANTIAGO DEL TEIDE;31,2;35;28;33;4,5;d
Tortuga Boba;13278 - actual;MAL PAIS - GÜIMAR;51;57;43,5;53;18,55;d
Tortuga Boba;13295 - actual;LAS GALLETAS - ARONA;58;62;49;59;27,1;d
Tortuga Boba;13395 - actual;EL MÉDANO - GRANADILLA;55;58;44;59;0;d
Tortuga Boba;13404 - actual;El río - Granadilla;35;42;31;37;0;d
Tortuga Boba;13431 - actual;PLAYA FAÑABE - ADEJE;67;69;55;66;41;d
Tortuga Boba;13451 - actual;PORIS DE ABONA - ARICO;40,5;44;34,5;43;8,95;d
Tortuga Boba;13460 - actual;PUERTO COLÓN - ADEJE;63;69;54;64;40;d
Tortuga Boba;13463 - actual;PUERTO COLÓN - ADEJE;27;30;24;28;3;d
Tortuga Boba;13464 - actual;LAS GALLETAS - ARONA;24,5;26;21,5;25;5,7;d
Tortuga Boba;13469 - actual;PLAYA FAÑABE - ADEJE;28;31;25;30;8,4;d
Tortuga Boba;6326 - 1998-2010;Dársena;0;0;0;0;0;d
Tortuga Boba;13501 - actual;EL PORIS - ARICO;0;0;0;0;0;d
Tortuga Boba;13506 - actual;Valleseco - SANTA CRUZ DE TENERIFE;41,5;46;37,5;45;10,95;d
Tortuga Boba;13543 - actual;ABADES - ARICO;37,9;42;34,3;43;9,2;d
Tortuga Boba;4481 - actual;Muelle (mar);39;41;34;40;10;d
Tortuga Boba;13590 - actual;EL PORIS - ARICO;26;30;22,5;28;2,25;d
Tortuga Boba;13599 - actual;MUELLE CANDELARIA - CANDELARIA;35;39;32,9;40;7,4;d
Tortuga Boba;13633 - actual;PALM-MAR - ARONA;70;76;50;56;65;d
Tortuga Boba;13634 - actual;PALM-MAR - ARONA;80;88;55;62;75;d
Tortuga Boba;13635 - actual;LAS ERAS - FASNIA;28;30;23,5;28;0;d
Tortuga Boba;13636 - actual;LAS ERAS - FASNIA;22,5;28;18;25;0;d
Tortuga Boba;13655 - actual;PUERTO COLÓN - ADEJE;75;81;57;77;40;d
Tortuga Boba;13659 - actual;PUERTO COLÓN - ADEJE;26,2;29;22,5;27;2,7;d
Tortuga Boba;13665 - actual;PLAYA FAÑABE - ADEJE;58;67;52;74;35;d
Tortuga Boba;13670 - actual;PLAYA SAN JUAN - GUÍA DE ISORA;60;64;52;63;35;e
Tortuga Boba;13690 - actual;Puerto de Granadilla - Granadilla;42;44;39;41;12;e
Tortuga Boba;13700 - actual;LOS ROQUES - FASNIA;48,5;54;41;50;18;e
Tortuga Boba;13713 - actual;MUELLE - SANTA CRUZ DE TENERIFE;49;54;43;51;21,9;e
Tortuga Boba;13715 - actual;LOS CRISTIANOS - ARONA;23,5;26;21,5;26;2,175;e
Tortuga Boba;13728 - actual;PLAYA FAÑABE - ADEJE;39,5;43;34;41;8,2;e
Tortuga Boba;13737 - actual;LOS ROQUES - FASNIA;28;31;23,5;28;3,1;e
Tortuga Boba;13749 - actual;PUERTO COLÓN - ADEJE;19;20,5;17;20,1;1,195;e
Tortuga Boba;13764 - actual;PLAYA FAÑABE - ADEJE;58,5;62;49;59;27,45;e
Tortuga Boba;13800 - actual;LOS CRISTIANOS - ARONA;72;76;60;68;37;e
Tortuga Boba;13881 - actual;Playa de Lima - Arafo;38;42;32;38;5;e
Tortuga Boba;13976 - actual;CALETA DE iNTERIAN - GARACHICO;27;30;24;29;3,147;e
Tortuga Boba;14000 - actual;PUERTO COLÓN - ADEJE;31,8;34;27,9;34,1;6,25;e
Tortuga Boba;14052 - actual;LAS GALLETAS - ARONA;30;32;26;31;4,1;e
Tortuga Boba;14117 - actual;GUIA DE ISORA - GUIA DE ISORA;0;0;0;0;0;e
Tortuga Boba;14118 - actual;PUERTO COLÓN - ADEJE;0;0;0;0;0;e
Tortuga Boba;14127 - actual;LOS GIGANTES - SANTIAGO DEL TEIDE;0;0;0;0;0;e
Tortuga Boba;14145 - actual;MASCA - SANTIAGO DEL TEIDE;0;0;0;0;0;e
Tortuga Boba;14184 - actual;PUERTO COLÓN - ADEJE;0;0;0;0;0;e
Tortuga Boba;14198 - actual;GÜIMAR - GÜIMAR;0;0;0;0;0;e
Tortuga Boba;14201 - actual;PUERTO COLÓN - ADEJE;37;41;32;40;8;e
Tortuga Boba;14214 - actual;Caleta de Adeje - ADEJE;36;41;30;40;8;e
Tortuga Boba;14222 - actual;ADEJE - ADEJE;37;42;31;41;8;e
Tortuga Boba;14223 - actual;PUERTO COLÓN - ADEJE;49;52;41;50;15;e
Tortuga Boba;14230 - actual;PUERTO COLÓN - ADEJE;25;28;22;26;2;e
Tortuga Boba;14243 - actual;PLAYA FAÑABE - ADEJE;25;28;21;26;2;e
Tortuga Boba;14257 - actual;ADEJE - ADEJE;0;0;0;0;0;e
Tortuga Boba;14266 - actual;PLAYA FAÑABE - ADEJE;0;0;0;0;0;e
Tortuga Boba;14313 - actual;ARICO - ARICO;45;48;40;45;0;e
Tortuga Boba;14334 - actual;PUERTO COLÓN - ADEJE;44;48;39;46;14;e
Tortuga Boba;14336 - actual;Valleseco - SANTA CRUZ DE TENERIFE;50;55;45;51;18;e
Tortuga Boba;14367 - actual;PUERTO COLÓN - ADEJE;22;24;18;22;1;f
Tortuga Boba;14368 - actual;EL MÉDANO - GRANADILLA;23;25;19;23;1;f
Tortuga Boba;14370 - actual;GÜIMAR - GÜIMAR;27;29;26;28;2;f
Tortuga Boba;14388 - actual;PUERTO COLÓN - ADEJE;30;32;25;28;4;f
Tortuga Boba;14408 - actual;PUERTO COLÓN - ADEJE;19;20;16;19;1;f
Tortuga Boba;14409 - actual;PUERTO COLÓN - ADEJE;25;28;21;26;2;f
Tortuga Boba;14426 - actual;PUERTO COLÓN - ADEJE;32;36;27;34;6;f
Tortuga Boba;14457 - actual;PUERTO COLÓN - ADEJE;25;28;22;26;2;f
Tortuga Boba;14460 - actual;PUERTO COLÓN - ADEJE;25;29;21;26;2;f
Tortuga Boba;14474 - actual;GRANADILLA - GRANADILLA;36;52;32;50;0;f
Tortuga Boba;14484 - actual;PUERTO COLÓN - ADEJE;46;50;41;51;17;f
Tortuga Boba;14491 - actual;PUERTO COLÓN - ADEJE;22;24;20;23;1;f
Tortuga Boba;14498 - actual;LOS GIGANTES - SANTIAGO DEL TEIDE;20;24;18;22;1;f
Tortuga Boba;14511 - actual;PUERTO COLÓN - ADEJE;20;23;18;21;1;f
Tortuga Boba;14530 - actual;ARONA - ARONA;42;0;37;0;0;f
Tortuga Boba;14531 - actual;Puertito de Güímar - Puertito de Güímar;26;29;23;27;2;f
Tortuga Boba;14535 - actual;LOS RODEOS - LA LAGUNA;27;30;23;28;3;f
Tortuga Boba;14541 - actual;LOS GIGANTES - SANTIAGO DEL TEIDE;30;33;25;31;4;f
Tortuga Boba;14545 - actual;PUERTO COLÓN - ADEJE;55;0;0;0;0;f
Tortuga Boba;14548 - actual;LOS GIGANTES - SANTIAGO DEL TEIDE;46;49;41;47;14;f
Tortuga Boba;14559 - actual;LAS AMERICAS - ADEJE;56;52;47;59;26;f
Tortuga Boba;14566 - actual;EL MÉDANO - GRANADILLA;20;23;18;21;1;f
Tortuga Boba;14569 - actual;LOS GIGANTES - SANTIAGO DEL TEIDE;22;25;19;22;1;f
Tortuga Boba;14587 - actual;PUERTO COLÓN - ADEJE;54;0;46;0;0;f
Tortuga Boba;14590 - actual;GÜIMAR - GÜIMAR;20;0;14;0;750;f
Tortuga Boba;14605 - actual;PUERTO COLÓN - ADEJE;26;28;24;29;3;f
Tortuga Boba;14616 - actual;AÑAZA - SANTA CRUZ DE TENERIFE;33;37;27;33;4;f
Tortuga Boba;14635 - actual;PUERTO COLÓN - ADEJE;22;25;19;23;1;f
Tortuga Boba;14641 - actual;PUERTO COLÓN - ADEJE;61;67;55;69;39;m
Tortuga Boba;14717 - actual;PLAYA SAN JUAN - GUÍA DE ISORA;0;0;0;0;25;m
Tortuga Boba;14733 - actual;PUERTO COLÓN - ADEJE;75;67;66;72;24;m
Tortuga Boba;14734 - actual;PUERTO COLÓN - ADEJE;35;27;22;26;2;m
Tortuga Boba;14741 - actual;PUERTO COLÓN - ADEJE;51;58;44;55;7;m
Tortuga Boba;14742 - actual;PUERTO COLÓN - ADEJE;23;19;21;17;2;m
Tortuga Boba;14757 - actual;PUERTO COLÓN - ADEJE;0;0;0;0;0;m
Tortuga Boba;14782 - actual;LA JACA - ARICO;36;43;28;40;18;m
Tortuga Boba;14801 - actual;LOS GIGANTES - SANTIAGO DEL TEIDE;40;44;34;41;10;m
Tortuga Boba;14805 - actual;MUELLE - SANTA CRUZ DE TENERIFE;36;30;39;40;5;m
Tortuga Boba;14813 - actual;PUERTO DE LAS GALLETAS - ARONA;36;39;30;37;6;m
Tortuga Boba;14869 - actual;ABAMA - GUIA DE ISORA;44;48;39;47;14;m
Tortuga Boba;14912 - actual;PUERTO COLÓN - ADEJE;0;0;0;0;0;m
